word,count,average_count
body,281,0.3104972375690608
pow,169,0.1867403314917127
prey,143,0.1580110497237569
one,122,0.13480662983425415
energy,118,0.13038674033149172
mak,113,0.12486187845303867
use,111,0.12265193370165746
opponent,110,0.12154696132596685
wat,110,0.12154696132596685
tail,107,0.11823204419889503
around,106,0.11712707182320442
get,102,0.112707182320442
liv,102,0.112707182320442
head,98,0.10828729281767956
peopl,98,0.10828729281767956
even,98,0.10828729281767956
lik,95,0.10497237569060773
form,93,0.10276243093922652
said,90,0.09944751381215469
foe,87,0.09613259668508287
attack,85,0.09392265193370165
back,83,0.09171270718232044
strong,82,0.09060773480662983
becom,82,0.09060773480662983
tim,82,0.09060773480662983
electricity,81,0.08950276243093923
mov,80,0.08839779005524862
battl,79,0.08729281767955802
hard,74,0.08176795580110498
long,68,0.07513812154696133
tre,68,0.07513812154696133
many,67,0.07403314917127071
grow,66,0.07292817679558011
food,66,0.07292817679558011
tak,65,0.0718232044198895
poison,64,0.0707182320441989
shell,60,0.06629834254143646
world,60,0.06629834254143646
wing,60,0.06629834254143646
using,59,0.06519337016574586
leav,59,0.06519337016574586
away,57,0.06298342541436464
als,57,0.06298342541436464
fir,56,0.061878453038674036
eat,55,0.06077348066298342
air,55,0.06077348066298342
day,54,0.05966850828729282
fur,54,0.05966850828729282
leg,53,0.05856353591160221
caus,53,0.05856353591160221
arm,51,0.056353591160221
larg,50,0.055248618784530384
powerful,50,0.055248618784530384
lif,50,0.055248618784530384
flam,50,0.055248618784530384
claw,49,0.05414364640883978
sea,49,0.05414364640883978
insid,49,0.05414364640883978
cold,49,0.05414364640883978
see,48,0.05303867403314917
oth,48,0.05303867403314917
keep,47,0.051933701657458566
sharp,47,0.051933701657458566
appe,47,0.051933701657458566
known,46,0.05082872928176796
mad,46,0.05082872928176796
speed,46,0.05082872928176796
night,46,0.05082872928176796
two,45,0.049723756906077346
light,45,0.049723756906077346
region,45,0.049723756906077346
high,45,0.049723756906077346
gal,44,0.04861878453038674
enemi,44,0.04861878453038674
st,43,0.04751381215469613
wav,43,0.04751381215469613
com,43,0.04751381215469613
train,42,0.04640883977900553
ground,42,0.04640883977900553
nest,41,0.045303867403314914
flow,41,0.045303867403314914
evolution,41,0.045303867403314914
ancient,41,0.045303867403314914
forest,41,0.045303867403314914
psychic,40,0.04419889502762431
rock,40,0.04419889502762431
small,40,0.04419889502762431
sleep,39,0.0430939226519337
without,39,0.0430939226519337
enough,37,0.04088397790055249
chang,37,0.04088397790055249
creat,37,0.04088397790055249
sound,37,0.04088397790055249
protect,37,0.04088397790055249
fight,36,0.039779005524861875
sometim,36,0.039779005524861875
much,36,0.039779005524861875
degre,36,0.039779005524861875
land,35,0.03867403314917127
ice,35,0.03867403314917127
thick,35,0.03867403314917127
scent,35,0.03867403314917127
ye,35,0.03867403314917127
could,35,0.03867403314917127
mouth,34,0.03756906077348066
patterm,34,0.03756906077348066
togeth,34,0.03756906077348066
although,34,0.03756906077348066
sweet,34,0.03756906077348066
well,33,0.036464088397790057
sens,33,0.036464088397790057
fli,33,0.036464088397790057
fahrenheit,33,0.036464088397790057
deep,33,0.036464088397790057
kind,33,0.036464088397790057
temperatur,33,0.036464088397790057
strength,33,0.036464088397790057
mountaim,32,0.03535911602209945
blow,32,0.03535911602209945
giv,32,0.03535911602209945
control,32,0.03535911602209945
used,31,0.03425414364640884
spirit,31,0.03425414364640884
thing,31,0.03425414364640884
electric,30,0.03314917127071823
eye,30,0.03314917127071823
found,30,0.03314917127071823
apparently,30,0.03314917127071823
result,30,0.03314917127071823
wind,30,0.03314917127071823
anything,30,0.03314917127071823
lov,30,0.03314917127071823
full,30,0.03314917127071823
skin,29,0.032044198895027624
plac,29,0.032044198895027624
highly,29,0.032044198895027624
berri,29,0.032044198895027624
lightning,29,0.032044198895027624
warm,29,0.032044198895027624
nev,29,0.032044198895027624
hol,29,0.032044198895027624
sand,29,0.032044198895027624
every,28,0.030939226519337018
fly,28,0.030939226519337018
steel,28,0.030939226519337018
speci,28,0.030939226519337018
find,28,0.030939226519337018
let,28,0.030939226519337018
start,28,0.030939226519337018
fall,27,0.02983425414364641
scal,27,0.02983425414364641
may,27,0.02983425414364641
howev,27,0.02983425414364641
gath,27,0.02983425414364641
good,27,0.02983425414364641
way,27,0.02983425414364641
fast,27,0.02983425414364641
forc,26,0.028729281767955802
bit,26,0.028729281767955802
natur,26,0.028729281767955802
go,26,0.028729281767955802
jaw,26,0.028729281767955802
feet,26,0.028729281767955802
say,26,0.028729281767955802
fang,26,0.028729281767955802
car,26,0.028729281767955802
hug,26,0.028729281767955802
different,26,0.028729281767955802
born,25,0.027624309392265192
kick,25,0.027624309392265192
search,25,0.027624309392265192
making,25,0.027624309392265192
look,25,0.027624309392265192
thre,25,0.027624309392265192
seasom,24,0.026519337016574586
mountain,24,0.026519337016574586
absorb,24,0.026519337016574586
would,24,0.026519337016574586
abl,24,0.026519337016574586
horm,24,0.026519337016574586
part,24,0.026519337016574586
first,24,0.026519337016574586
seen,24,0.026519337016574586
are,24,0.026519337016574586
ston,24,0.026519337016574586
allow,23,0.02541436464088398
magm,23,0.02541436464088398
tell,23,0.02541436464088398
gigantamax,23,0.02541436464088398
cri,23,0.02541436464088398
movement,23,0.02541436464088398
alway,23,0.02541436464088398
tip,23,0.02541436464088398
meg,23,0.02541436464088398
generat,23,0.02541436464088398
heart,23,0.02541436464088398
spik,23,0.02541436464088398
acros,23,0.02541436464088398
surfac,22,0.02430939226519337
rum,22,0.02430939226519337
fac,22,0.02430939226519337
within,22,0.02430939226519337
legend,22,0.02430939226519337
often,22,0.02430939226519337
behind,22,0.02430939226519337
ago,22,0.02430939226519337
strik,22,0.02430939226519337
hand,21,0.023204419889502764
habitat,21,0.023204419889502764
spot,21,0.023204419889502764
nutrient,21,0.023204419889502764
spec,21,0.023204419889502764
creatur,21,0.023204419889502764
climat,21,0.023204419889502764
constantly,21,0.023204419889502764
need,21,0.023204419889502764
according,21,0.023204419889502764
surrounding,21,0.023204419889502764
be,21,0.023204419889502764
ord,21,0.023204419889502764
sky,21,0.023204419889502764
still,21,0.023204419889502764
quickly,21,0.023204419889502764
end,21,0.023204419889502764
easily,21,0.023204419889502764
branch,21,0.023204419889502764
thought,21,0.023204419889502764
clos,21,0.023204419889502764
hair,21,0.023204419889502764
belly,20,0.022099447513812154
hit,20,0.022099447513812154
punch,20,0.022099447513812154
siz,20,0.022099447513812154
hid,20,0.022099447513812154
shoot,20,0.022099447513812154
living,20,0.022099447513812154
feath,20,0.022099447513812154
pack,20,0.022099447513812154
bring,20,0.022099447513812154
territory,20,0.022099447513812154
black,20,0.022099447513812154
swim,20,0.022099447513812154
riv,20,0.022099447513812154
dang,20,0.022099447513812154
evolv,20,0.022099447513812154
se,19,0.020994475138121547
emit,19,0.020994475138121547
ent,19,0.020994475138121547
put,19,0.020994475138121547
touch,19,0.020994475138121547
heat,19,0.020994475138121547
stay,19,0.020994475138121547
lost,19,0.020994475138121547
stand,19,0.020994475138121547
help,19,0.020994475138121547
blast,19,0.020994475138121547
te,19,0.020994475138121547
flying,19,0.020994475138121547
ne,19,0.020994475138121547
field,19,0.020994475138121547
stop,19,0.020994475138121547
feel,19,0.020994475138121547
upon,19,0.020994475138121547
hot,19,0.020994475138121547
great,19,0.020994475138121547
smell,19,0.020994475138121547
danc,19,0.020994475138121547
ball,19,0.020994475138121547
shock,18,0.019889502762430938
along,18,0.019889502762430938
dig,18,0.019889502762430938
anoth,18,0.019889502762430938
though,18,0.019889502762430938
hisu,18,0.019889502762430938
snow,18,0.019889502762430938
seed,18,0.019889502762430938
feeling,18,0.019889502762430938
moving,18,0.019889502762430938
fighting,18,0.019889502762430938
intens,18,0.019889502762430938
col,18,0.019889502762430938
scatt,18,0.019889502762430938
soul,18,0.019889502762430938
show,18,0.019889502762430938
muscl,18,0.019889502762430938
wall,17,0.01878453038674033
sun,17,0.01878453038674033
horn,17,0.01878453038674033
bould,17,0.01878453038674033
sh,17,0.01878453038674033
fluid,17,0.01878453038674033
ocean,17,0.01878453038674033
group,17,0.01878453038674033
egg,17,0.01878453038674033
covered,17,0.01878453038674033
mil,17,0.01878453038674033
goe,17,0.01878453038674033
cam,17,0.01878453038674033
set,17,0.01878453038674033
ability,17,0.01878453038674033
stored,17,0.01878453038674033
dark,17,0.01878453038674033
bright,17,0.01878453038674033
plant,17,0.01878453038674033
capabl,17,0.01878453038674033
popul,17,0.01878453038674033
brain,17,0.01878453038674033
launch,17,0.01878453038674033
mph,16,0.017679558011049725
cloak,16,0.017679558011049725
work,16,0.017679558011049725
neck,16,0.017679558011049725
short,16,0.017679558011049725
sting,16,0.017679558011049725
metal,16,0.017679558011049725
bon,16,0.017679558011049725
re,16,0.017679558011049725
spac,16,0.017679558011049725
cav,16,0.017679558011049725
developed,16,0.017679558011049725
liquid,16,0.017679558011049725
vin,16,0.017679558011049725
pollen,16,0.017679558011049725
sac,16,0.017679558011049725
chest,16,0.017679558011049725
appearanc,16,0.017679558011049725
tru,16,0.017679558011049725
whol,16,0.017679558011049725
mal,16,0.017679558011049725
eating,16,0.017679558011049725
ear,16,0.017679558011049725
act,16,0.017679558011049725
disposition,15,0.016574585635359115
approach,15,0.016574585635359115
something,15,0.016574585635359115
want,15,0.016574585635359115
massiv,15,0.016574585635359115
deity,15,0.016574585635359115
singl,15,0.016574585635359115
favorit,15,0.016574585635359115
ris,15,0.016574585635359115
believ,15,0.016574585635359115
enemy,15,0.016574585635359115
bird,15,0.016574585635359115
moment,15,0.016574585635359115
among,15,0.016574585635359115
emotiom,15,0.016574585635359115
littl,15,0.016574585635359115
instantly,15,0.016574585635359115
heavy,15,0.016574585635359115
apart,15,0.016574585635359115
toxic,15,0.016574585635359115
shed,15,0.016574585635359115
produc,15,0.016574585635359115
extremely,14,0.015469613259668509
know,14,0.015469613259668509
leaf,14,0.015469613259668509
nect,14,0.015469613259668509
nos,14,0.015469613259668509
futur,14,0.015469613259668509
slightly,14,0.015469613259668509
pref,14,0.015469613259668509
running,14,0.015469613259668509
hom,14,0.015469613259668509
everything,14,0.015469613259668509
big,14,0.015469613259668509
dancing,14,0.015469613259668509
reach,14,0.015469613259668509
storm,14,0.015469613259668509
tentacl,14,0.015469613259668509
swimming,14,0.015469613259668509
top,14,0.015469613259668509
serv,14,0.015469613259668509
wild,14,0.015469613259668509
avoid,14,0.015469613259668509
cut,14,0.015469613259668509
low,14,0.015469613259668509
right,14,0.015469613259668509
bug,14,0.015469613259668509
glow,14,0.015469613259668509
organ,14,0.015469613259668509
bubbl,14,0.015469613259668509
freezing,14,0.015469613259668509
called,14,0.015469613259668509
send,14,0.015469613259668509
strang,13,0.014364640883977901
common,13,0.014364640883977901
run,13,0.014364640883977901
cov,13,0.014364640883977901
surviv,13,0.014364640883977901
grown,13,0.014364640883977901
suck,13,0.014364640883977901
sensitiv,13,0.014364640883977901
fill,13,0.014364640883977901
tri,13,0.014364640883977901
cry,13,0.014364640883977901
weak,13,0.014364640883977901
intelligent,13,0.014364640883977901
iron,13,0.014364640883977901
catch,13,0.014364640883977901
calm,13,0.014364640883977901
snowy,13,0.014364640883977901
sunlight,13,0.014364640883977901
shelld,13,0.014364640883977901
lead,13,0.014364640883977901
wait,13,0.014364640883977901
sign,13,0.014364640883977901
six,13,0.014364640883977901
voic,13,0.014364640883977901
secret,13,0.014364640883977901
los,13,0.014364640883977901
underground,13,0.014364640883977901
pinc,13,0.014364640883977901
ev,13,0.014364640883977901
becam,13,0.014364640883977901
ga,13,0.014364640883977901
hidden,12,0.013259668508287293
sourc,12,0.013259668508287293
instead,12,0.013259668508287293
lived,12,0.013259668508287293
ultr,12,0.013259668508287293
breath,12,0.013259668508287293
pouch,12,0.013259668508287293
old,12,0.013259668508287293
sticky,12,0.013259668508287293
growing,12,0.013259668508287293
depend,12,0.013259668508287293
solid,12,0.013259668508287293
spray,12,0.013259668508287293
affected,12,0.013259668508287293
shin,12,0.013259668508287293
he,12,0.013259668508287293
crush,12,0.013259668508287293
honey,12,0.013259668508287293
mud,12,0.013259668508287293
actually,12,0.013259668508287293
completely,12,0.013259668508287293
desert,12,0.013259668508287293
amount,12,0.013259668508287293
caused,12,0.013259668508287293
looking,12,0.013259668508287293
build,12,0.013259668508287293
intimidat,12,0.013259668508287293
mater,12,0.013259668508287293
frozen,12,0.013259668508287293
moon,12,0.013259668508287293
weath,12,0.013259668508287293
spring,12,0.013259668508287293
feared,12,0.013259668508287293
normally,12,0.013259668508287293
limb,12,0.013259668508287293
blad,11,0.012154696132596685
new,11,0.012154696132596685
sp,11,0.012154696132596685
contaim,11,0.012154696132596685
beautiful,11,0.012154696132596685
matt,11,0.012154696132596685
bolt,11,0.012154696132596685
target,11,0.012154696132596685
dre,11,0.012154696132596685
aggressiv,11,0.012154696132596685
wield,11,0.012154696132596685
call,11,0.012154696132596685
rotom,11,0.012154696132596685
despit,11,0.012154696132596685
trust,11,0.012154696132596685
unleash,11,0.012154696132596685
level,11,0.012154696132596685
guardian,11,0.012154696132596685
human,11,0.012154696132596685
feed,11,0.012154696132596685
current,11,0.012154696132596685
tusk,11,0.012154696132596685
arom,11,0.012154696132596685
due,11,0.012154696132596685
attacking,11,0.012154696132596685
step,11,0.012154696132596685
cheek,11,0.012154696132596685
sword,11,0.012154696132596685
turning,11,0.012154696132596685
hunt,11,0.012154696132596685
charg,11,0.012154696132596685
spit,11,0.012154696132596685
anyon,11,0.012154696132596685
restored,11,0.012154696132596685
stomach,11,0.012154696132596685
icy,11,0.012154696132596685
red,11,0.012154696132596685
partn,11,0.012154696132596685
burm,11,0.012154696132596685
sid,11,0.012154696132596685
lur,11,0.012154696132596685
skill,11,0.012154696132596685
swallow,11,0.012154696132596685
child,11,0.012154696132596685
attacked,11,0.012154696132596685
soon,11,0.012154696132596685
throughout,11,0.012154696132596685
enabl,11,0.012154696132596685
past,11,0.012154696132596685
ultrasonic,10,0.011049723756906077
far,10,0.011049723756906077
intensely,10,0.011049723756906077
drift,10,0.011049723756906077
excited,10,0.011049723756906077
spin,10,0.011049723756906077
children,10,0.011049723756906077
steal,10,0.011049723756906077
stick,10,0.011049723756906077
aur,10,0.011049723756906077
rapidly,10,0.011049723756906077
sturdy,10,0.011049723756906077
float,10,0.011049723756906077
rolling,10,0.011049723756906077
cotton,10,0.011049723756906077
beast,10,0.011049723756906077
bottom,10,0.011049723756906077
fin,10,0.011049723756906077
someon,10,0.011049723756906077
shaped,10,0.011049723756906077
las,10,0.011049723756906077
filled,10,0.011049723756906077
sight,10,0.011049723756906077
try,10,0.011049723756906077
king,10,0.011049723756906077
usually,10,0.011049723756906077
friend,10,0.011049723756906077
presenc,10,0.011049723756906077
femal,10,0.011049723756906077
fragranc,10,0.011049723756906077
chas,10,0.011049723756906077
pick,10,0.011049723756906077
cloud,10,0.011049723756906077
walk,10,0.011049723756906077
burrow,10,0.011049723756906077
communicat,10,0.011049723756906077
angry,10,0.011049723756906077
stuck,10,0.011049723756906077
spew,10,0.011049723756906077
hind,10,0.011049723756906077
almost,10,0.011049723756906077
throw,10,0.011049723756906077
freez,10,0.011049723756906077
tiny,10,0.011049723756906077
tough,10,0.011049723756906077
hum,10,0.011049723756906077
going,10,0.011049723756906077
rid,10,0.011049723756906077
alol,10,0.011049723756906077
open,10,0.011049723756906077
remaim,10,0.011049723756906077
covering,10,0.011049723756906077
getting,10,0.011049723756906077
reason,10,0.011049723756906077
giant,10,0.011049723756906077
evolved,10,0.011049723756906077
resembl,10,0.011049723756906077
play,9,0.009944751381215469
path,9,0.009944751381215469
bigg,9,0.009944751381215469
turm,9,0.009944751381215469
rais,9,0.009944751381215469
hundred,9,0.009944751381215469
appl,9,0.009944751381215469
environment,9,0.009944751381215469
vici,9,0.009944751381215469
blood,9,0.009944751381215469
caught,9,0.009944751381215469
piec,9,0.009944751381215469
legendary,9,0.009944751381215469
jet,9,0.009944751381215469
causing,9,0.009944751381215469
jump,9,0.009944751381215469
toward,9,0.009944751381215469
cannon,9,0.009944751381215469
swift,9,0.009944751381215469
think,9,0.009944751381215469
taking,9,0.009944751381215469
orb,9,0.009944751381215469
fim,9,0.009944751381215469
incredibly,9,0.009944751381215469
herd,9,0.009944751381215469
symbol,9,0.009944751381215469
ont,9,0.009944751381215469
lot,9,0.009944751381215469
burn,9,0.009944751381215469
asleep,9,0.009944751381215469
psychokinetic,9,0.009944751381215469
happ,9,0.009944751381215469
clean,9,0.009944751381215469
turn,9,0.009944751381215469
twig,9,0.009944751381215469
young,9,0.009944751381215469
lay,9,0.009944751381215469
blizzard,9,0.009944751381215469
coal,9,0.009944751381215469
hold,9,0.009944751381215469
sudden,9,0.009944751381215469
soil,9,0.009944751381215469
rain,9,0.009944751381215469
spark,9,0.009944751381215469
fossil,9,0.009944751381215469
smash,9,0.009944751381215469
stalk,9,0.009944751381215469
might,9,0.009944751381215469
carri,9,0.009944751381215469
burning,9,0.009944751381215469
tong,9,0.009944751381215469
depending,9,0.009944751381215469
tremend,9,0.009944751381215469
extinct,9,0.009944751381215469
vari,8,0.008839779005524863
forehead,8,0.008839779005524863
skillfully,8,0.008839779005524863
potent,8,0.008839779005524863
ship,8,0.008839779005524863
opening,8,0.008839779005524863
viru,8,0.008839779005524863
draw,8,0.008839779005524863
depth,8,0.008839779005524863
bodi,8,0.008839779005524863
proud,8,0.008839779005524863
slowpok,8,0.008839779005524863
deliv,8,0.008839779005524863
diamond,8,0.008839779005524863
yet,8,0.008839779005524863
battling,8,0.008839779005524863
swing,8,0.008839779005524863
petal,8,0.008839779005524863
sawsbuck,8,0.008839779005524863
fallen,8,0.008839779005524863
nothing,8,0.008839779005524863
shap,8,0.008839779005524863
we,8,0.008839779005524863
magnetic,8,0.008839779005524863
mast,8,0.008839779005524863
shatt,8,0.008839779005524863
bond,8,0.008839779005524863
grip,8,0.008839779005524863
alon,8,0.008839779005524863
simil,8,0.008839779005524863
composition,8,0.008839779005524863
flight,8,0.008839779005524863
fiery,8,0.008839779005524863
fell,8,0.008839779005524863
pok√©,8,0.008839779005524863
headach,8,0.008839779005524863
alt,8,0.008839779005524863
defens,8,0.008839779005524863
melt,8,0.008839779005524863
beat,8,0.008839779005524863
edg,8,0.008839779005524863
training,8,0.008839779005524863
lak,8,0.008839779005524863
spread,8,0.008839779005524863
me,8,0.008839779005524863
styl,8,0.008839779005524863
migrat,8,0.008839779005524863
clash,8,0.008839779005524863
beneath,8,0.008839779005524863
gathered,8,0.008839779005524863
ton,8,0.008839779005524863
break,8,0.008839779005524863
rhythm,8,0.008839779005524863
graceful,8,0.008839779005524863
towering,8,0.008839779005524863
sneak,8,0.008839779005524863
intern,8,0.008839779005524863
equal,8,0.008839779005524863
particl,8,0.008839779005524863
ring,8,0.008839779005524863
man,8,0.008839779005524863
flock,8,0.008839779005524863
guard,8,0.008839779005524863
eaten,8,0.008839779005524863
split,8,0.008839779005524863
half,8,0.008839779005524863
follow,8,0.008839779005524863
blazing,8,0.008839779005524863
pearl,8,0.008839779005524863
shak,8,0.008839779005524863
rest,8,0.008839779005524863
deoxy,8,0.008839779005524863
spim,8,0.008839779005524863
preda,8,0.008839779005524863
travel,8,0.008839779005524863
leap,8,0.008839779005524863
crystallin,8,0.008839779005524863
explosiv,8,0.008839779005524863
escap,8,0.008839779005524863
erupt,8,0.008839779005524863
melodi,8,0.008839779005524863
physic,8,0.008839779005524863
gras,8,0.008839779005524863
cor,8,0.008839779005524863
releas,8,0.008839779005524863
activ,8,0.008839779005524863
effort,8,0.008839779005524863
ideal,8,0.008839779005524863
dreepy,8,0.008839779005524863
mark,8,0.008839779005524863
terrain,8,0.008839779005524863
left,8,0.008839779005524863
typ,8,0.008839779005524863
notic,8,0.008839779005524863
whisk,7,0.0077348066298342545
four,7,0.0077348066298342545
troubl,7,0.0077348066298342545
trying,7,0.0077348066298342545
sort,7,0.0077348066298342545
colorful,7,0.0077348066298342545
mysteri,7,0.0077348066298342545
distant,7,0.0077348066298342545
bounc,7,0.0077348066298342545
building,7,0.0077348066298342545
discharg,7,0.0077348066298342545
delici,7,0.0077348066298342545
defeat,7,0.0077348066298342545
given,7,0.0077348066298342545
lat,7,0.0077348066298342545
cell,7,0.0077348066298342545
swarm,7,0.0077348066298342545
glid,7,0.0077348066298342545
root,7,0.0077348066298342545
vivillon,7,0.0077348066298342545
trunk,7,0.0077348066298342545
sinc,7,0.0077348066298342545
trash,7,0.0077348066298342545
gathering,7,0.0077348066298342545
suction,7,0.0077348066298342545
weapon,7,0.0077348066298342545
sur,7,0.0077348066298342545
carry,7,0.0077348066298342545
mushroom,7,0.0077348066298342545
sweat,7,0.0077348066298342545
gl,7,0.0077348066298342545
rarely,7,0.0077348066298342545
driv,7,0.0077348066298342545
dragon,7,0.0077348066298342545
seeking,7,0.0077348066298342545
whenev,7,0.0077348066298342545
rub,7,0.0077348066298342545
topography,7,0.0077348066298342545
frigid,7,0.0077348066298342545
research,7,0.0077348066298342545
feroci,7,0.0077348066298342545
slic,7,0.0077348066298342545
whip,7,0.0077348066298342545
cliff,7,0.0077348066298342545
dust,7,0.0077348066298342545
impressiv,7,0.0077348066298342545
warning,7,0.0077348066298342545
volc,7,0.0077348066298342545
teamwork,7,0.0077348066298342545
minut,7,0.0077348066298342545
fierc,7,0.0077348066298342545
extend,7,0.0077348066298342545
antenna,7,0.0077348066298342545
shield,7,0.0077348066298342545
lift,7,0.0077348066298342545
treasur,7,0.0077348066298342545
thinking,7,0.0077348066298342545
scientist,7,0.0077348066298342545
rampag,7,0.0077348066298342545
slim,7,0.0077348066298342545
darknes,7,0.0077348066298342545
organism,7,0.0077348066298342545
hous,7,0.0077348066298342545
encount,7,0.0077348066298342545
emerged,7,0.0077348066298342545
dirty,7,0.0077348066298342545
molten,7,0.0077348066298342545
atmosph,7,0.0077348066298342545
offens,7,0.0077348066298342545
truck,7,0.0077348066298342545
foreleg,7,0.0077348066298342545
toxim,7,0.0077348066298342545
sol,7,0.0077348066298342545
happines,7,0.0077348066298342545
cre,7,0.0077348066298342545
volcanic,7,0.0077348066298342545
trail,7,0.0077348066298342545
hung,7,0.0077348066298342545
stat,7,0.0077348066298342545
teeth,7,0.0077348066298342545
point,7,0.0077348066298342545
hat,7,0.0077348066298342545
death,7,0.0077348066298342545
harsh,7,0.0077348066298342545
rag,7,0.0077348066298342545
wrap,7,0.0077348066298342545
smart,7,0.0077348066298342545
sink,7,0.0077348066298342545
waiting,7,0.0077348066298342545
curs,7,0.0077348066298342545
spend,7,0.0077348066298342545
singing,7,0.0077348066298342545
intelligenc,7,0.0077348066298342545
temperament,7,0.0077348066298342545
hardened,7,0.0077348066298342545
second,7,0.0077348066298342545
moth,6,0.0066298342541436465
uniqu,6,0.0066298342541436465
truth,6,0.0066298342541436465
begim,6,0.0066298342541436465
era,6,0.0066298342541436465
saf,6,0.0066298342541436465
thin,6,0.0066298342541436465
pain,6,0.0066298342541436465
entirely,6,0.0066298342541436465
friendly,6,0.0066298342541436465
leftov,6,0.0066298342541436465
eas,6,0.0066298342541436465
pattern,6,0.0066298342541436465
loud,6,0.0066298342541436465
best,6,0.0066298342541436465
really,6,0.0066298342541436465
thank,6,0.0066298342541436465
wheth,6,0.0066298342541436465
bitt,6,0.0066298342541436465
tank,6,0.0066298342541436465
spinning,6,0.0066298342541436465
impossibl,6,0.0066298342541436465
absolutely,6,0.0066298342541436465
thread,6,0.0066298342541436465
skull,6,0.0066298342541436465
missing,6,0.0066298342541436465
conflict,6,0.0066298342541436465
els,6,0.0066298342541436465
listen,6,0.0066298342541436465
expel,6,0.0066298342541436465
happy,6,0.0066298342541436465
ill,6,0.0066298342541436465
deeply,6,0.0066298342541436465
weight,6,0.0066298342541436465
tend,6,0.0066298342541436465
ruim,6,0.0066298342541436465
hop,6,0.0066298342541436465
snap,6,0.0066298342541436465
hang,6,0.0066298342541436465
galarian,6,0.0066298342541436465
stretch,6,0.0066298342541436465
flap,6,0.0066298342541436465
formed,6,0.0066298342541436465
searching,6,0.0066298342541436465
fainting,6,0.0066298342541436465
sit,6,0.0066298342541436465
prid,6,0.0066298342541436465
whit,6,0.0066298342541436465
drifting,6,0.0066298342541436465
oil,6,0.0066298342541436465
territor,6,0.0066298342541436465
seaweed,6,0.0066298342541436465
compet,6,0.0066298342541436465
rough,6,0.0066298342541436465
fruit,6,0.0066298342541436465
advantag,6,0.0066298342541436465
cauti,6,0.0066298342541436465
wint,6,0.0066298342541436465
wound,6,0.0066298342541436465
difficult,6,0.0066298342541436465
habit,6,0.0066298342541436465
fleec,6,0.0066298342541436465
afterlif,6,0.0066298342541436465
bett,6,0.0066298342541436465
considered,6,0.0066298342541436465
silk,6,0.0066298342541436465
crown,6,0.0066298342541436465
embodi,6,0.0066298342541436465
clay,6,0.0066298342541436465
contact,6,0.0066298342541436465
dat,6,0.0066298342541436465
gain,6,0.0066298342541436465
alien,6,0.0066298342541436465
strategy,6,0.0066298342541436465
metallic,6,0.0066298342541436465
torn,6,0.0066298342541436465
person,6,0.0066298342541436465
created,6,0.0066298342541436465
pad,6,0.0066298342541436465
regiom,6,0.0066298342541436465
mind,6,0.0066298342541436465
quiet,6,0.0066298342541436465
safety,6,0.0066298342541436465
particularly,6,0.0066298342541436465
flowing,6,0.0066298342541436465
fiv,6,0.0066298342541436465
hungry,6,0.0066298342541436465
possessed,6,0.0066298342541436465
solitud,6,0.0066298342541436465
fluffy,6,0.0066298342541436465
content,6,0.0066298342541436465
freely,6,0.0066298342541436465
coming,6,0.0066298342541436465
increas,6,0.0066298342541436465
burst,6,0.0066298342541436465
joy,6,0.0066298342541436465
absorbing,6,0.0066298342541436465
groudon,6,0.0066298342541436465
foot,6,0.0066298342541436465
volbeat,6,0.0066298342541436465
chanc,6,0.0066298342541436465
creating,6,0.0066298342541436465
faint,6,0.0066298342541436465
finish,6,0.0066298342541436465
cocoon,6,0.0066298342541436465
must,6,0.0066298342541436465
blu,6,0.0066298342541436465
zoru,6,0.0066298342541436465
immens,6,0.0066298342541436465
beak,6,0.0066298342541436465
pink,6,0.0066298342541436465
mystery,6,0.0066298342541436465
seawat,6,0.0066298342541436465
dry,6,0.0066298342541436465
memb,6,0.0066298342541436465
div,6,0.0066298342541436465
angered,6,0.0066298342541436465
writing,6,0.0066298342541436465
blown,6,0.0066298342541436465
slow,6,0.0066298342541436465
led,6,0.0066298342541436465
round,6,0.0066298342541436465
dna,6,0.0066298342541436465
discovered,6,0.0066298342541436465
predict,6,0.0066298342541436465
exeggu,6,0.0066298342541436465
mercy,6,0.0066298342541436465
scyth,6,0.0066298342541436465
devour,6,0.0066298342541436465
front,6,0.0066298342541436465
inflat,6,0.0066298342541436465
kyogr,6,0.0066298342541436465
turned,6,0.0066298342541436465
quick,6,0.0066298342541436465
venom,6,0.0066298342541436465
understand,6,0.0066298342541436465
oce,6,0.0066298342541436465
manipulat,6,0.0066298342541436465
gorge,6,0.0066298342541436465
mood,6,0.0066298342541436465
seeing,6,0.0066298342541436465
broken,6,0.0066298342541436465
watch,6,0.0066298342541436465
sleeping,5,0.0055248618784530384
exposed,5,0.0055248618784530384
nobody,5,0.0055248618784530384
fist,5,0.0055248618784530384
returm,5,0.0055248618784530384
reaching,5,0.0055248618784530384
zoroark,5,0.0055248618784530384
charm,5,0.0055248618784530384
flav,5,0.0055248618784530384
receiv,5,0.0055248618784530384
grasp,5,0.0055248618784530384
leek,5,0.0055248618784530384
comfortabl,5,0.0055248618784530384
sc,5,0.0055248618784530384
collect,5,0.0055248618784530384
sever,5,0.0055248618784530384
adorabl,5,0.0055248618784530384
increased,5,0.0055248618784530384
attached,5,0.0055248618784530384
claim,5,0.0055248618784530384
abiliti,5,0.0055248618784530384
gaining,5,0.0055248618784530384
treat,5,0.0055248618784530384
unknown,5,0.0055248618784530384
taken,5,0.0055248618784530384
spewing,5,0.0055248618784530384
generating,5,0.0055248618784530384
devastating,5,0.0055248618784530384
throwing,5,0.0055248618784530384
angl,5,0.0055248618784530384
sing,5,0.0055248618784530384
ang,5,0.0055248618784530384
mach,5,0.0055248618784530384
damag,5,0.0055248618784530384
structur,5,0.0055248618784530384
lair,5,0.0055248618784530384
seven,5,0.0055248618784530384
rar,5,0.0055248618784530384
slightest,5,0.0055248618784530384
instinct,5,0.0055248618784530384
meat,5,0.0055248618784530384
ub,5,0.0055248618784530384
scratch,5,0.0055248618784530384
walking,5,0.0055248618784530384
lie,5,0.0055248618784530384
nutrition,5,0.0055248618784530384
shadow,5,0.0055248618784530384
sharply,5,0.0055248618784530384
thousand,5,0.0055248618784530384
min,5,0.0055248618784530384
fle,5,0.0055248618784530384
trigg,5,0.0055248618784530384
lycanroc,5,0.0055248618784530384
eventually,5,0.0055248618784530384
clothing,5,0.0055248618784530384
whos,5,0.0055248618784530384
popularity,5,0.0055248618784530384
painting,5,0.0055248618784530384
changed,5,0.0055248618784530384
beach,5,0.0055248618784530384
consum,5,0.0055248618784530384
behavi,5,0.0055248618784530384
vitality,5,0.0055248618784530384
coloss,5,0.0055248618784530384
risk,5,0.0055248618784530384
quietly,5,0.0055248618784530384
headbutt,5,0.0055248618784530384
firing,5,0.0055248618784530384
cours,5,0.0055248618784530384
wet,5,0.0055248618784530384
wand,5,0.0055248618784530384
sap,5,0.0055248618784530384
crossing,5,0.0055248618784530384
detect,5,0.0055248618784530384
ste,5,0.0055248618784530384
cryst,5,0.0055248618784530384
pract,5,0.0055248618784530384
victim,5,0.0055248618784530384
based,5,0.0055248618784530384
nerv,5,0.0055248618784530384
appeared,5,0.0055248618784530384
silently,5,0.0055248618784530384
painful,5,0.0055248618784530384
unov,5,0.0055248618784530384
violent,5,0.0055248618784530384
cloth,5,0.0055248618784530384
sunken,5,0.0055248618784530384
perished,5,0.0055248618784530384
moistur,5,0.0055248618784530384
clust,5,0.0055248618784530384
climb,5,0.0055248618784530384
daytim,5,0.0055248618784530384
height,5,0.0055248618784530384
biting,5,0.0055248618784530384
choos,5,0.0055248618784530384
timid,5,0.0055248618784530384
believed,5,0.0055248618784530384
chemic,5,0.0055248618784530384
preci,5,0.0055248618784530384
toy,5,0.0055248618784530384
ringing,5,0.0055248618784530384
repeatedly,5,0.0055248618784530384
cling,5,0.0055248618784530384
enraged,5,0.0055248618784530384
art,5,0.0055248618784530384
ready,5,0.0055248618784530384
swellow,5,0.0055248618784530384
basculin,5,0.0055248618784530384
poss,5,0.0055248618784530384
she,5,0.0055248618784530384
record,5,0.0055248618784530384
nearly,5,0.0055248618784530384
giving,5,0.0055248618784530384
dodg,5,0.0055248618784530384
elegant,5,0.0055248618784530384
met,5,0.0055248618784530384
cunning,5,0.0055248618784530384
invisibl,5,0.0055248618784530384
sigm,5,0.0055248618784530384
successfully,5,0.0055248618784530384
via,5,0.0055248618784530384
respect,5,0.0055248618784530384
immediately,5,0.0055248618784530384
pass,5,0.0055248618784530384
suspect,5,0.0055248618784530384
zyg,5,0.0055248618784530384
main,5,0.0055248618784530384
begin,5,0.0055248618784530384
magnetism,5,0.0055248618784530384
durabl,5,0.0055248618784530384
palm,5,0.0055248618784530384
dialg,5,0.0055248618784530384
flotation,5,0.0055248618784530384
quit,5,0.0055248618784530384
descend,5,0.0055248618784530384
luck,5,0.0055248618784530384
theory,5,0.0055248618784530384
combativ,5,0.0055248618784530384
diligently,5,0.0055248618784530384
crop,5,0.0055248618784530384
skilled,5,0.0055248618784530384
emerg,5,0.0055248618784530384
skyscrap,5,0.0055248618784530384
carrying,5,0.0055248618784530384
concret,5,0.0055248618784530384
extinction,5,0.0055248618784530384
yellow,5,0.0055248618784530384
exposur,5,0.0055248618784530384
eith,5,0.0055248618784530384
tal,5,0.0055248618784530384
school,5,0.0055248618784530384
conditiom,5,0.0055248618784530384
meditation,5,0.0055248618784530384
certain,5,0.0055248618784530384
intensity,5,0.0055248618784530384
earth,5,0.0055248618784530384
cle,5,0.0055248618784530384
violenc,5,0.0055248618784530384
outsid,5,0.0055248618784530384
surprisingly,5,0.0055248618784530384
probl,5,0.0055248618784530384
fish,5,0.0055248618784530384
motor,5,0.0055248618784530384
ro,5,0.0055248618784530384
dump,5,0.0055248618784530384
diet,5,0.0055248618784530384
awakened,5,0.0055248618784530384
peck,5,0.0055248618784530384
display,5,0.0055248618784530384
cool,5,0.0055248618784530384
static,5,0.0055248618784530384
delicat,5,0.0055248618784530384
exquisit,5,0.0055248618784530384
maintain,5,0.0055248618784530384
knock,5,0.0055248618784530384
leak,5,0.0055248618784530384
including,5,0.0055248618784530384
incapabl,5,0.0055248618784530384
song,5,0.0055248618784530384
porygon,5,0.0055248618784530384
ment,5,0.0055248618784530384
soft,5,0.0055248618784530384
provid,5,0.0055248618784530384
waft,4,0.004419889502762431
lati,4,0.004419889502762431
digestiv,4,0.004419889502762431
challenging,4,0.004419889502762431
dewpid,4,0.004419889502762431
fe,4,0.004419889502762431
furfr,4,0.004419889502762431
rang,4,0.004419889502762431
bath,4,0.004419889502762431
bos,4,0.004419889502762431
upstre,4,0.004419889502762431
diglett,4,0.004419889502762431
feast,4,0.004419889502762431
direction,4,0.004419889502762431
swirl,4,0.004419889502762431
beauty,4,0.004419889502762431
lump,4,0.004419889502762431
alakaz,4,0.004419889502762431
ski,4,0.004419889502762431
withstand,4,0.004419889502762431
illumis,4,0.004419889502762431
utterly,4,0.004419889502762431
gulp,4,0.004419889502762431
radiat,4,0.004419889502762431
rac,4,0.004419889502762431
useful,4,0.004419889502762431
adept,4,0.004419889502762431
kindhearted,4,0.004419889502762431
so,4,0.004419889502762431
packed,4,0.004419889502762431
collected,4,0.004419889502762431
fresh,4,0.004419889502762431
strongly,4,0.004419889502762431
object,4,0.004419889502762431
convert,4,0.004419889502762431
roll,4,0.004419889502762431
hott,4,0.004419889502762431
fulfilling,4,0.004419889502762431
effect,4,0.004419889502762431
agil,4,0.004419889502762431
hostility,4,0.004419889502762431
dash,4,0.004419889502762431
determin,4,0.004419889502762431
pull,4,0.004419889502762431
sevip,4,0.004419889502762431
drowning,4,0.004419889502762431
speech,4,0.004419889502762431
comrad,4,0.004419889502762431
perfectly,4,0.004419889502762431
emanat,4,0.004419889502762431
resentment,4,0.004419889502762431
bas,4,0.004419889502762431
stench,4,0.004419889502762431
observ,4,0.004419889502762431
inhabited,4,0.004419889502762431
prob,4,0.004419889502762431
citi,4,0.004419889502762431
castl,4,0.004419889502762431
respond,4,0.004419889502762431
incredibl,4,0.004419889502762431
swampert,4,0.004419889502762431
learn,4,0.004419889502762431
weapom,4,0.004419889502762431
resemblanc,4,0.004419889502762431
passion,4,0.004419889502762431
emb,4,0.004419889502762431
stump,4,0.004419889502762431
mutation,4,0.004419889502762431
dens,4,0.004419889502762431
coloring,4,0.004419889502762431
melmet,4,0.004419889502762431
becalming,4,0.004419889502762431
bor,4,0.004419889502762431
devouring,4,0.004419889502762431
jolt,4,0.004419889502762431
blaziken,4,0.004419889502762431
occasionally,4,0.004419889502762431
intellect,4,0.004419889502762431
medich,4,0.004419889502762431
approaching,4,0.004419889502762431
zapd,4,0.004419889502762431
salandit,4,0.004419889502762431
dissolv,4,0.004419889502762431
nam,4,0.004419889502762431
went,4,0.004419889502762431
gav,4,0.004419889502762431
influenced,4,0.004419889502762431
pair,4,0.004419889502762431
hunting,4,0.004419889502762431
somewh,4,0.004419889502762431
docil,4,0.004419889502762431
chew,4,0.004419889502762431
tackl,4,0.004419889502762431
machin,4,0.004419889502762431
bark,4,0.004419889502762431
ge,4,0.004419889502762431
brilliant,4,0.004419889502762431
greatly,4,0.004419889502762431
flash,4,0.004419889502762431
happiny,4,0.004419889502762431
stre,4,0.004419889502762431
remov,4,0.004419889502762431
antl,4,0.004419889502762431
slowbr,4,0.004419889502762431
magnemit,4,0.004419889502762431
read,4,0.004419889502762431
gust,4,0.004419889502762431
trap,4,0.004419889502762431
sluggish,4,0.004419889502762431
rubbing,4,0.004419889502762431
sixth,4,0.004419889502762431
zangoos,4,0.004419889502762431
resulted,4,0.004419889502762431
imag,4,0.004419889502762431
powd,4,0.004419889502762431
carbink,4,0.004419889502762431
sung,4,0.004419889502762431
daily,4,0.004419889502762431
attract,4,0.004419889502762431
overwhelming,4,0.004419889502762431
personification,4,0.004419889502762431
individ,4,0.004419889502762431
jab,4,0.004419889502762431
fam,4,0.004419889502762431
dirt,4,0.004419889502762431
sparkling,4,0.004419889502762431
cruel,4,0.004419889502762431
crashing,4,0.004419889502762431
savag,4,0.004419889502762431
sav,4,0.004419889502762431
putting,4,0.004419889502762431
camerupt,4,0.004419889502762431
prepar,4,0.004419889502762431
dissolved,4,0.004419889502762431
drill,4,0.004419889502762431
clad,4,0.004419889502762431
unabl,4,0.004419889502762431
formidabl,4,0.004419889502762431
guid,4,0.004419889502762431
raised,4,0.004419889502762431
especially,4,0.004419889502762431
hoppip,4,0.004419889502762431
rol,4,0.004419889502762431
tap,4,0.004419889502762431
drag,4,0.004419889502762431
chomp,4,0.004419889502762431
changing,4,0.004419889502762431
floating,4,0.004419889502762431
wormhol,4,0.004419889502762431
journeying,4,0.004419889502762431
scorched,4,0.004419889502762431
deal,4,0.004419889502762431
lickilicky,4,0.004419889502762431
exactly,4,0.004419889502762431
crea,4,0.004419889502762431
win,4,0.004419889502762431
blossom,4,0.004419889502762431
transformation,4,0.004419889502762431
bay,4,0.004419889502762431
compos,4,0.004419889502762431
needl,4,0.004419889502762431
goal,4,0.004419889502762431
scalchop,4,0.004419889502762431
beldum,4,0.004419889502762431
shiny,4,0.004419889502762431
alongsid,4,0.004419889502762431
acid,4,0.004419889502762431
her,4,0.004419889502762431
proof,4,0.004419889502762431
affect,4,0.004419889502762431
luminescent,4,0.004419889502762431
obey,4,0.004419889502762431
troublesom,4,0.004419889502762431
snowball,4,0.004419889502762431
tuft,4,0.004419889502762431
carried,4,0.004419889502762431
flinch,4,0.004419889502762431
helmet,4,0.004419889502762431
pitch,4,0.004419889502762431
condition,4,0.004419889502762431
smelling,4,0.004419889502762431
sceptil,4,0.004419889502762431
meteoroid,4,0.004419889502762431
enjoy,4,0.004419889502762431
shelmet,4,0.004419889502762431
flo,4,0.004419889502762431
oricori,4,0.004419889502762431
superheated,4,0.004419889502762431
term,4,0.004419889502762431
memori,4,0.004419889502762431
dimensiom,4,0.004419889502762431
eeri,4,0.004419889502762431
built,4,0.004419889502762431
digging,4,0.004419889502762431
cutiefly,4,0.004419889502762431
shining,4,0.004419889502762431
rotten,4,0.004419889502762431
carelessly,4,0.004419889502762431
aristocrat,4,0.004419889502762431
bathing,4,0.004419889502762431
key,4,0.004419889502762431
inhabit,4,0.004419889502762431
coat,4,0.004419889502762431
voltag,4,0.004419889502762431
wid,4,0.004419889502762431
drawn,4,0.004419889502762431
harbing,4,0.004419889502762431
needed,4,0.004419889502762431
deftly,4,0.004419889502762431
wrist,4,0.004419889502762431
log,4,0.004419889502762431
pikachu,4,0.004419889502762431
existed,4,0.004419889502762431
lying,4,0.004419889502762431
balanc,4,0.004419889502762431
corsol,4,0.004419889502762431
trim,4,0.004419889502762431
humidity,4,0.004419889502762431
improv,4,0.004419889502762431
challeng,4,0.004419889502762431
dislik,4,0.004419889502762431
forget,4,0.004419889502762431
prank,4,0.004419889502762431
link,4,0.004419889502762431
wildly,4,0.004419889502762431
pur,4,0.004419889502762431
alli,4,0.004419889502762431
basculegion,4,0.004419889502762431
constant,4,0.004419889502762431
op,4,0.004419889502762431
everywh,4,0.004419889502762431
reversion,4,0.004419889502762431
standing,4,0.004419889502762431
tunnel,4,0.004419889502762431
pebbl,4,0.004419889502762431
aggron,4,0.004419889502762431
prim,4,0.004419889502762431
final,4,0.004419889502762431
simply,4,0.004419889502762431
gibl,4,0.004419889502762431
released,4,0.004419889502762431
featur,4,0.004419889502762431
pulveriz,4,0.004419889502762431
began,4,0.004419889502762431
raw,4,0.004419889502762431
striking,4,0.004419889502762431
des,4,0.004419889502762431
hump,4,0.004419889502762431
stamin,4,0.004419889502762431
mostly,4,0.004419889502762431
healthi,4,0.004419889502762431
roughly,4,0.004419889502762431
remain,4,0.004419889502762431
balloom,4,0.004419889502762431
started,4,0.004419889502762431
fluttering,4,0.004419889502762431
develop,4,0.004419889502762431
dynamax,4,0.004419889502762431
seep,4,0.004419889502762431
explosion,4,0.004419889502762431
lick,4,0.004419889502762431
gemston,4,0.004419889502762431
brav,4,0.004419889502762431
finding,4,0.004419889502762431
transformed,4,0.004419889502762431
crawl,4,0.004419889502762431
purify,4,0.004419889502762431
becoming,4,0.004419889502762431
rad,4,0.004419889502762431
fantastic,4,0.004419889502762431
hollow,4,0.004419889502762431
shooting,4,0.004419889502762431
mighty,4,0.004419889502762431
shaking,4,0.004419889502762431
present,4,0.004419889502762431
scrap,4,0.004419889502762431
hour,4,0.004419889502762431
memory,4,0.004419889502762431
technology,4,0.004419889502762431
city,4,0.004419889502762431
composed,4,0.004419889502762431
amazing,4,0.004419889502762431
imbued,4,0.004419889502762431
weakened,4,0.004419889502762431
sought,4,0.004419889502762431
meal,4,0.004419889502762431
slimy,4,0.004419889502762431
tight,4,0.004419889502762431
disput,4,0.004419889502762431
resist,4,0.004419889502762431
brought,4,0.004419889502762431
flat,4,0.004419889502762431
talom,4,0.004419889502762431
wak,4,0.004419889502762431
season,4,0.004419889502762431
underwent,4,0.004419889502762431
nois,4,0.004419889502762431
terrifying,4,0.004419889502762431
tired,4,0.004419889502762431
empty,4,0.004419889502762431
motionles,4,0.004419889502762431
anywh,4,0.004419889502762431
negativ,4,0.004419889502762431
tempered,4,0.004419889502762431
crushing,4,0.004419889502762431
fum,4,0.004419889502762431
pet,4,0.004419889502762431
exist,4,0.004419889502762431
contain,4,0.004419889502762431
green,4,0.004419889502762431
honedg,4,0.004419889502762431
nearby,3,0.0033149171270718232
wishiwash,3,0.0033149171270718232
inject,3,0.0033149171270718232
itch,3,0.0033149171270718232
fingertip,3,0.0033149171270718232
bisharp,3,0.0033149171270718232
mask,3,0.0033149171270718232
endangered,3,0.0033149171270718232
terrakion,3,0.0033149171270718232
nonstop,3,0.0033149171270718232
relish,3,0.0033149171270718232
mida,3,0.0033149171270718232
berry,3,0.0033149171270718232
reborn,3,0.0033149171270718232
combe,3,0.0033149171270718232
porygon2,3,0.0033149171270718232
smithere,3,0.0033149171270718232
laugh,3,0.0033149171270718232
virulent,3,0.0033149171270718232
shelgon,3,0.0033149171270718232
expression,3,0.0033149171270718232
gun,3,0.0033149171270718232
medic,3,0.0033149171270718232
agility,3,0.0033149171270718232
mercilessly,3,0.0033149171270718232
next,3,0.0033149171270718232
mimic,3,0.0033149171270718232
cup,3,0.0033149171270718232
reaction,3,0.0033149171270718232
latch,3,0.0033149171270718232
retaim,3,0.0033149171270718232
mer,3,0.0033149171270718232
targeted,3,0.0033149171270718232
fog,3,0.0033149171270718232
steep,3,0.0033149171270718232
keeping,3,0.0033149171270718232
event,3,0.0033149171270718232
nimbl,3,0.0033149171270718232
gaug,3,0.0033149171270718232
deriv,3,0.0033149171270718232
got,3,0.0033149171270718232
supposedly,3,0.0033149171270718232
trained,3,0.0033149171270718232
haples,3,0.0033149171270718232
flutt,3,0.0033149171270718232
wrapping,3,0.0033149171270718232
beautifly,3,0.0033149171270718232
sup,3,0.0033149171270718232
pinch,3,0.0033149171270718232
earthquak,3,0.0033149171270718232
gigantic,3,0.0033149171270718232
microscop,3,0.0033149171270718232
arc,3,0.0033149171270718232
unmoving,3,0.0033149171270718232
distort,3,0.0033149171270718232
bursting,3,0.0033149171270718232
load,3,0.0033149171270718232
sent,3,0.0033149171270718232
les,3,0.0033149171270718232
leaving,3,0.0033149171270718232
petilil,3,0.0033149171270718232
tea,3,0.0033149171270718232
drained,3,0.0033149171270718232
web,3,0.0033149171270718232
decid,3,0.0033149171270718232
org,3,0.0033149171270718232
bloom,3,0.0033149171270718232
cleav,3,0.0033149171270718232
puff,3,0.0033149171270718232
pe,3,0.0033149171270718232
recent,3,0.0033149171270718232
gap,3,0.0033149171270718232
departed,3,0.0033149171270718232
length,3,0.0033149171270718232
meditat,3,0.0033149171270718232
salamenc,3,0.0033149171270718232
forward,3,0.0033149171270718232
seadr,3,0.0033149171270718232
generatiom,3,0.0033149171270718232
hippowdon,3,0.0033149171270718232
chop,3,0.0033149171270718232
gen,3,0.0033149171270718232
touching,3,0.0033149171270718232
feeding,3,0.0033149171270718232
burned,3,0.0033149171270718232
clawed,3,0.0033149171270718232
prehistoric,3,0.0033149171270718232
harm,3,0.0033149171270718232
doubl,3,0.0033149171270718232
defend,3,0.0033149171270718232
study,3,0.0033149171270718232
wicked,3,0.0033149171270718232
corviknight,3,0.0033149171270718232
pour,3,0.0033149171270718232
boat,3,0.0033149171270718232
playfully,3,0.0033149171270718232
farfetch,3,0.0033149171270718232
ecosyst,3,0.0033149171270718232
striped,3,0.0033149171270718232
leading,3,0.0033149171270718232
slamming,3,0.0033149171270718232
prized,3,0.0033149171270718232
stealing,3,0.0033149171270718232
myth,3,0.0033149171270718232
sharped,3,0.0033149171270718232
capacity,3,0.0033149171270718232
quarry,3,0.0033149171270718232
vent,3,0.0033149171270718232
springy,3,0.0033149171270718232
dull,3,0.0033149171270718232
nightm,3,0.0033149171270718232
azurill,3,0.0033149171270718232
aliv,3,0.0033149171270718232
scorch,3,0.0033149171270718232
evil,3,0.0033149171270718232
awful,3,0.0033149171270718232
heal,3,0.0033149171270718232
port,3,0.0033149171270718232
blend,3,0.0033149171270718232
focu,3,0.0033149171270718232
flurry,3,0.0033149171270718232
foul,3,0.0033149171270718232
pric,3,0.0033149171270718232
wool,3,0.0033149171270718232
audin,3,0.0033149171270718232
belt,3,0.0033149171270718232
clamp,3,0.0033149171270718232
whipping,3,0.0033149171270718232
irritated,3,0.0033149171270718232
secreted,3,0.0033149171270718232
aim,3,0.0033149171270718232
saliv,3,0.0033149171270718232
bristl,3,0.0033149171270718232
therefor,3,0.0033149171270718232
raising,3,0.0033149171270718232
howl,3,0.0033149171270718232
abr,3,0.0033149171270718232
bunch,3,0.0033149171270718232
resting,3,0.0033149171270718232
thundercloud,3,0.0033149171270718232
courageously,3,0.0033149171270718232
deciduey,3,0.0033149171270718232
vullaby,3,0.0033149171270718232
beard,3,0.0033149171270718232
envelop,3,0.0033149171270718232
forceful,3,0.0033149171270718232
seek,3,0.0033149171270718232
vast,3,0.0033149171270718232
happily,3,0.0033149171270718232
keen,3,0.0033149171270718232
cursed,3,0.0033149171270718232
slowly,3,0.0033149171270718232
pas,3,0.0033149171270718232
assist,3,0.0033149171270718232
weed,3,0.0033149171270718232
threaten,3,0.0033149171270718232
spell,3,0.0033149171270718232
straight,3,0.0033149171270718232
tangrowth,3,0.0033149171270718232
compressed,3,0.0033149171270718232
stir,3,0.0033149171270718232
delivering,3,0.0033149171270718232
hardnes,3,0.0033149171270718232
harmoni,3,0.0033149171270718232
agitated,3,0.0033149171270718232
stab,3,0.0033149171270718232
mr,3,0.0033149171270718232
sev,3,0.0033149171270718232
letting,3,0.0033149171270718232
warri,3,0.0033149171270718232
seiz,3,0.0033149171270718232
already,3,0.0033149171270718232
shot,3,0.0033149171270718232
immensely,3,0.0033149171270718232
whirl,3,0.0033149171270718232
onix,3,0.0033149171270718232
rattat,3,0.0033149171270718232
modern,3,0.0033149171270718232
mucu,3,0.0033149171270718232
box,3,0.0033149171270718232
slight,3,0.0033149171270718232
farm,3,0.0033149171270718232
fireball,3,0.0033149171270718232
flapping,3,0.0033149171270718232
uneasy,3,0.0033149171270718232
dropping,3,0.0033149171270718232
arid,3,0.0033149171270718232
magnificent,3,0.0033149171270718232
compared,3,0.0033149171270718232
barri,3,0.0033149171270718232
ozon,3,0.0033149171270718232
narrow,3,0.0033149171270718232
story,3,0.0033149171270718232
solitary,3,0.0033149171270718232
grant,3,0.0033149171270718232
zigzagoon,3,0.0033149171270718232
dratin,3,0.0033149171270718232
impact,3,0.0033149171270718232
dusk,3,0.0033149171270718232
stretchy,3,0.0033149171270718232
gend,3,0.0033149171270718232
perhap,3,0.0033149171270718232
worshiped,3,0.0033149171270718232
sunny,3,0.0033149171270718232
transform,3,0.0033149171270718232
sick,3,0.0033149171270718232
distinct,3,0.0033149171270718232
vivid,3,0.0033149171270718232
morning,3,0.0033149171270718232
resulting,3,0.0033149171270718232
heavi,3,0.0033149171270718232
gotten,3,0.0033149171270718232
mandibl,3,0.0033149171270718232
protectiv,3,0.0033149171270718232
plasm,3,0.0033149171270718232
ances,3,0.0033149171270718232
learm,3,0.0033149171270718232
protecting,3,0.0033149171270718232
film,3,0.0033149171270718232
important,3,0.0033149171270718232
nutriti,3,0.0033149171270718232
mis,3,0.0033149171270718232
edged,3,0.0033149171270718232
lull,3,0.0033149171270718232
dedenn,3,0.0033149171270718232
sliding,3,0.0033149171270718232
amplify,3,0.0033149171270718232
disapp,3,0.0033149171270718232
continu,3,0.0033149171270718232
weezing,3,0.0033149171270718232
situation,3,0.0033149171270718232
gnaw,3,0.0033149171270718232
deflect,3,0.0033149171270718232
influenc,3,0.0033149171270718232
cros,3,0.0033149171270718232
lazy,3,0.0033149171270718232
finishing,3,0.0033149171270718232
terribl,3,0.0033149171270718232
calyrex,3,0.0033149171270718232
nourish,3,0.0033149171270718232
drinking,3,0.0033149171270718232
tom,3,0.0033149171270718232
wailord,3,0.0033149171270718232
lash,3,0.0033149171270718232
outstanding,3,0.0033149171270718232
burmy,3,0.0033149171270718232
slicing,3,0.0033149171270718232
bad,3,0.0033149171270718232
mienfo,3,0.0033149171270718232
dors,3,0.0033149171270718232
wrapped,3,0.0033149171270718232
truly,3,0.0033149171270718232
articun,3,0.0033149171270718232
fashion,3,0.0033149171270718232
coloration,3,0.0033149171270718232
exud,3,0.0033149171270718232
jam,3,0.0033149171270718232
proces,3,0.0033149171270718232
limit,3,0.0033149171270718232
necrozm,3,0.0033149171270718232
norm,3,0.0033149171270718232
rememb,3,0.0033149171270718232
comfey,3,0.0033149171270718232
stres,3,0.0033149171270718232
paralyz,3,0.0033149171270718232
information,3,0.0033149171270718232
patrol,3,0.0033149171270718232
destructiv,3,0.0033149171270718232
meet,3,0.0033149171270718232
fairy,3,0.0033149171270718232
draim,3,0.0033149171270718232
rath,3,0.0033149171270718232
rich,3,0.0033149171270718232
vigor,3,0.0033149171270718232
saved,3,0.0033149171270718232
veillik,3,0.0033149171270718232
unharmed,3,0.0033149171270718232
wish,3,0.0033149171270718232
garchomp,3,0.0033149171270718232
boiling,3,0.0033149171270718232
shelt,3,0.0033149171270718232
whismur,3,0.0033149171270718232
volt,3,0.0033149171270718232
ceaseles,3,0.0033149171270718232
sciz,3,0.0033149171270718232
regrow,3,0.0033149171270718232
component,3,0.0033149171270718232
pressur,3,0.0033149171270718232
rat,3,0.0033149171270718232
rim,3,0.0033149171270718232
blinding,3,0.0033149171270718232
tightly,3,0.0033149171270718232
swimm,3,0.0033149171270718232
fing,3,0.0033149171270718232
marill,3,0.0033149171270718232
overnight,3,0.0033149171270718232
construction,3,0.0033149171270718232
physiqu,3,0.0033149171270718232
actiom,3,0.0033149171270718232
yamask,3,0.0033149171270718232
paralysil,3,0.0033149171270718232
remak,3,0.0033149171270718232
binacl,3,0.0033149171270718232
cloaked,3,0.0033149171270718232
scoop,3,0.0033149171270718232
wurmpl,3,0.0033149171270718232
unit,3,0.0033149171270718232
ensn,3,0.0033149171270718232
membran,3,0.0033149171270718232
quill,3,0.0033149171270718232
continuously,3,0.0033149171270718232
glas,3,0.0033149171270718232
powered,3,0.0033149171270718232
bew,3,0.0033149171270718232
acting,3,0.0033149171270718232
wood,3,0.0033149171270718232
qualiti,3,0.0033149171270718232
facing,3,0.0033149171270718232
mischief,3,0.0033149171270718232
enorm,3,0.0033149171270718232
experienc,3,0.0033149171270718232
development,3,0.0033149171270718232
pil,3,0.0033149171270718232
swinging,3,0.0033149171270718232
cutting,3,0.0033149171270718232
desigm,3,0.0033149171270718232
numb,3,0.0033149171270718232
walrein,3,0.0033149171270718232
gratitud,3,0.0033149171270718232
nightfall,3,0.0033149171270718232
shout,3,0.0033149171270718232
destroy,3,0.0033149171270718232
blending,3,0.0033149171270718232
surpris,3,0.0033149171270718232
wintry,3,0.0033149171270718232
shown,3,0.0033149171270718232
detest,3,0.0033149171270718232
expand,3,0.0033149171270718232
moved,3,0.0033149171270718232
subtl,3,0.0033149171270718232
coin,3,0.0033149171270718232
stanc,3,0.0033149171270718232
eruption,3,0.0033149171270718232
danger,3,0.0033149171270718232
await,3,0.0033149171270718232
sham,3,0.0033149171270718232
muscul,3,0.0033149171270718232
sealed,3,0.0033149171270718232
embodiment,3,0.0033149171270718232
sinnoh,3,0.0033149171270718232
dead,3,0.0033149171270718232
visited,3,0.0033149171270718232
vespiquen,3,0.0033149171270718232
underwat,3,0.0033149171270718232
wilt,3,0.0033149171270718232
den,3,0.0033149171270718232
shallow,3,0.0033149171270718232
summon,3,0.0033149171270718232
activity,3,0.0033149171270718232
alolan,3,0.0033149171270718232
barbed,3,0.0033149171270718232
gentl,3,0.0033149171270718232
decided,3,0.0033149171270718232
fact,3,0.0033149171270718232
progr,3,0.0033149171270718232
mythology,3,0.0033149171270718232
opposit,3,0.0033149171270718232
spout,3,0.0033149171270718232
swallowed,3,0.0033149171270718232
suit,3,0.0033149171270718232
slash,3,0.0033149171270718232
adult,3,0.0033149171270718232
exhausted,3,0.0033149171270718232
brimming,3,0.0033149171270718232
tapu,3,0.0033149171270718232
fletchind,3,0.0033149171270718232
healing,3,0.0033149171270718232
roast,3,0.0033149171270718232
anyway,3,0.0033149171270718232
rip,3,0.0033149171270718232
resistant,3,0.0033149171270718232
peat,3,0.0033149171270718232
photosynthesil,3,0.0033149171270718232
inspiration,3,0.0033149171270718232
tenth,3,0.0033149171270718232
cleaning,3,0.0033149171270718232
snot,3,0.0033149171270718232
pounc,3,0.0033149171270718232
bud,3,0.0033149171270718232
crash,3,0.0033149171270718232
gained,3,0.0033149171270718232
powdery,3,0.0033149171270718232
smoochum,3,0.0033149171270718232
southern,3,0.0033149171270718232
murky,3,0.0033149171270718232
seri,3,0.0033149171270718232
communication,3,0.0033149171270718232
stuffed,3,0.0033149171270718232
humid,3,0.0033149171270718232
pointed,3,0.0033149171270718232
perform,3,0.0033149171270718232
knowledg,3,0.0033149171270718232
espurr,3,0.0033149171270718232
pound,3,0.0033149171270718232
krokorok,3,0.0033149171270718232
job,3,0.0033149171270718232
bomb,3,0.0033149171270718232
malic,3,0.0033149171270718232
pit,3,0.0033149171270718232
purpl,3,0.0033149171270718232
gon,3,0.0033149171270718232
karrablast,3,0.0033149171270718232
sphe,3,0.0033149171270718232
regret,3,0.0033149171270718232
slipping,3,0.0033149171270718232
sandslash,3,0.0033149171270718232
bathed,3,0.0033149171270718232
coim,3,0.0033149171270718232
defensiv,3,0.0033149171270718232
punishment,3,0.0033149171270718232
rapid,3,0.0033149171270718232
capabiliti,3,0.0033149171270718232
leaked,3,0.0033149171270718232
strongest,3,0.0033149171270718232
che,3,0.0033149171270718232
appli,3,0.0033149171270718232
frightening,3,0.0033149171270718232
blissey,3,0.0033149171270718232
music,3,0.0033149171270718232
extrem,3,0.0033149171270718232
bothered,3,0.0033149171270718232
slowking,3,0.0033149171270718232
clawitz,3,0.0033149171270718232
riverbed,3,0.0033149171270718232
tir,3,0.0033149171270718232
enabling,3,0.0033149171270718232
dragonit,3,0.0033149171270718232
sinist,3,0.0033149171270718232
sheet,3,0.0033149171270718232
techniqu,3,0.0033149171270718232
weighing,3,0.0033149171270718232
lip,3,0.0033149171270718232
reli,3,0.0033149171270718232
captur,3,0.0033149171270718232
suffering,3,0.0033149171270718232
resilient,3,0.0033149171270718232
forgiv,3,0.0033149171270718232
emitting,3,0.0033149171270718232
pummel,3,0.0033149171270718232
direct,3,0.0033149171270718232
returned,3,0.0033149171270718232
drumming,3,0.0033149171270718232
torment,3,0.0033149171270718232
excel,3,0.0033149171270718232
exceedingly,3,0.0033149171270718232
cross,3,0.0033149171270718232
radiant,3,0.0033149171270718232
mist,3,0.0033149171270718232
curved,3,0.0033149171270718232
crackl,3,0.0033149171270718232
properly,3,0.0033149171270718232
breathing,3,0.0033149171270718232
soaked,3,0.0033149171270718232
inhal,3,0.0033149171270718232
nimbly,3,0.0033149171270718232
